{
  "bars": 408,
  "obs_match": 1.0,
  "action_match": 1.0,
  "position_match": 1.0,
  "reward_max_abs_delta": 0.013850031494326094,
  "nautilus_leverage_max": 0.9499998809415416,
  "feature_max_abs_diff": 0.0,
  "norm_nan_after": 0,
  "rawppo_metrics": {
    "n_periods": 408,
    "cumulative_return": 0.005937780137743598,
    "cagr": 0.0917245152091557,
    "sharpe": 0.6510195224574256,
    "sortino": 0.8162934280076283,
    "calmar": 1.9537261229631688,
    "recovery_factor": 0.12647432522340057,
    "max_drawdown": -0.046948502213830956,
    "volatility": 0.15272812120233384,
    "var_95": -0.002585783912436423,
    "final_equity": 1.0059377801377436,
    "total_turnover": 14,
    "round_trips": 7,
    "win_rate_all_periods": 0.4264705882352941,
    "win_rate_in_market": 0.48739495798319327,
    "trade_win_rate_round_trips": 0.7142857142857143,
    "profit_factor": 1.8361222556424643,
    "long_frac": 0.0,
    "flat_frac": 0.125,
    "short_frac": 0.875
  },
  "nautilus_metrics": {
    "n_periods": 408,
    "cumulative_return": 0.004458901223685308,
    "cagr": 0.06817301960195232,
    "sharpe": 0.5153189295124349,
    "sortino": 0.6521857186043218,
    "calmar": 1.6557610332554784,
    "recovery_factor": 0.10829614032677926,
    "max_drawdown": -0.0411732238123238,
    "volatility": 0.14972641549913515,
    "var_95": -0.002472106361023685,
    "final_equity": 10044589.012236852,
    "total_turnover": 14,
    "round_trips": 7,
    "win_rate_all_periods": 0.42892156862745096,
    "win_rate_in_market": 0.4733893557422969,
    "trade_win_rate_round_trips": 0.5714285714285714,
    "profit_factor": 1.8914081006777268,
    "long_frac": 0.0,
    "flat_frac": 0.125,
    "short_frac": 0.875
  }
}