{
  "bars": 408,
  "obs_match": 1.0,
  "action_match": 1.0,
  "position_match": 1.0,
  "reward_max_abs_delta": 0.10026943783597413,
  "nautilus_leverage_max": 0.9499997258388766,
  "feature_max_abs_diff": 0.0,
  "norm_nan_after": 0,
  "rawppo_metrics": {
    "n_periods": 408,
    "cumulative_return": 0.031307613426570846,
    "cagr": 0.5792857986258788,
    "sharpe": 2.9871527221317877,
    "sortino": 4.0301962377989415,
    "calmar": 12.338749295717086,
    "recovery_factor": 0.6668501006481027,
    "max_drawdown": -0.046948502213830956,
    "volatility": 0.15710032731548473,
    "var_95": -0.0025473473994666153,
    "final_equity": 1.0313076134265708,
    "total_turnover": 19,
    "round_trips": 10,
    "win_rate_all_periods": 0.5024509803921569,
    "win_rate_in_market": 0.5049261083743842,
    "trade_win_rate_round_trips": 0.8,
    "profit_factor": 5.482887545558846,
    "long_frac": 0.16176470588235295,
    "flat_frac": 0.004901960784313725,
    "short_frac": 0.8333333333333334
  },
  "nautilus_metrics": {
    "n_periods": 408,
    "cumulative_return": 0.023685725978398686,
    "cagr": 0.4148343661107945,
    "sharpe": 5.585909114308398,
    "sortino": 1.0457360503558435,
    "calmar": 44.01749609575969,
    "recovery_factor": 2.5132593534956618,
    "max_drawdown": -0.009424306307844632,
    "volatility": 0.062473743211749026,
    "var_95": 0.0,
    "final_equity": 10236857.259783987,
    "total_turnover": 19,
    "round_trips": 10,
    "win_rate_all_periods": 0.0196078431372549,
    "win_rate_in_market": 0.017241379310344827,
    "trade_win_rate_round_trips": 0.7,
    "profit_factor": 3.1111901545913843,
    "long_frac": 0.16176470588235295,
    "flat_frac": 0.004901960784313725,
    "short_frac": 0.8333333333333334
  }
}