{
  "nautilus": {
    "n_periods": 10455,
    "cumulative_return": 0.42783350957437594,
    "cagr": 0.22879024931125747,
    "sharpe": 1.3399588017461055,
    "sortino": 1.3428603831960217,
    "calmar": 2.6262053748777463,
    "max_drawdown": -0.08711818637638269,
    "min_equity": 96400.12580950012,
    "nonpositive_periods": 0
  },
  "trade_stats": {
    "round_trips": 359,
    "win_rate": 0.6295264623955432,
    "profit_factor": 1.5428440964897294
  },
  "n_fills": 811,
  "starting_usd": 100000.0,
  "final_usd": 142762.07665650014,
  "fee_per_fill": 0.00015,
  "n_bars": 10456,
  "max_abs_position": 62.0
}